{
  "project_info": {
    "project_number": "471127904330",
    "firebase_url": "https://clothio-84db5-default-rtdb.asia-southeast1.firebasedatabase.app",
    "project_id": "clothio-84db5",
    "storage_bucket": "clothio-84db5.appspot.com"
  },
  "client": [
    {
      "client_info": {
        "mobilesdk_app_id": "1:471127904330:android:a9a2066acb2fe078b716b3",
        "android_client_info": {
          "package_name": "com.builtlab.clothing_store"
        }
      },
      "oauth_client": [],
      "api_key": [
        {
          "current_key": "AIzaSyAuKZi7zwM128q6e2dQjyay14F0D30ZT-M"
        }
      ],
      "services": {
        "appinvite_service": {
          "other_platform_oauth_client": []
        }
      }
    }
  ],
  "configuration_version": "1"
}